{
  "urls": [
    "ch5.ogg",
    "ch5.m4a"
  ],
  "sprite": {
    "silence": [
      0,
      1000,
      true
    ],
    "InstantWin20x": [
      1050,
      3398.4353741496598
    ],
    "Spin": [
      5100,
      11621.08843537415
    ],
    "YourNumberSelect_1": [
      17150,
      2006.8253968253985
    ]
  }
}