{
  "urls": [
    "ch6.ogg",
    "ch6.m4a"
  ],
  "sprite": {
    "silence": [
      0,
      1000,
      true
    ],
    "InstantWin20x": [
      1050,
      3398.4353741496598
    ],
    "SpinButton": [
      5100,
      2050.7709750566896
    ],
    "YourNumberSelect_2": [
      8150,
      1992.176870748299
    ]
  }
}