{
  "urls": [
    "ch10.ogg",
    "ch10.m4a"
  ],
  "sprite": {
    "silence": [
      0,
      1000,
      true
    ],
    "BonusTriggered": [
      1050,
      2207.0294784580506
    ],
    "LuckyNumberSelect_5": [
      4100.000000000001,
      2324.21768707483
    ],
    "PrizeWin": [
      7150,
      2250
    ]
  }
}