{
  "urls": [
    "ch3.ogg",
    "ch3.m4a"
  ],
  "sprite": {
    "silence": [
      0,
      1000,
      true
    ],
    "BetMax": [
      1050,
      1523.424036281179
    ],
    "CoinFlip": [
      3100,
      3312.49433106576
    ],
    "LuckyNumberSelect_3": [
      7150,
      2324.21768707483
    ]
  }
}