{
  "urls": [
    "ch2.ogg",
    "ch2.m4a"
  ],
  "sprite": {
    "silence": [
      0,
      1000,
      true
    ],
    "BetUp": [
      1050,
      1093.7414965986393
    ],
    "BuyButton": [
      3100,
      1711.9047619047617
    ],
    "Collect": [
      5149.999999999999,
      3320.2947845804997
    ],
    "LuckyNumberAutoReveal": [
      9200.000000000002,
      2353.6281179138323
    ],
    "LuckyNumberSelect_2": [
      12250.000000000002,
      2324.21768707483
    ]
  }
}