{
  "urls": [
    "ch8.ogg",
    "ch8.m4a"
  ],
  "sprite": {
    "silence": [
      0,
      1000,
      true
    ],
    "BonusRevealEnd": [
      1050,
      3000
    ],
    "Megamatch3Multipliers": [
      4100,
      3261.7006802721085
    ],
    "NumberMatch": [
      8149.999999999998,
      3666.666666666666
    ],
    "YourNumberSelect_4": [
      12199.999999999998,
      1992.176870748299
    ]
  }
}