{
  "urls": [
    "ch11.ogg",
    "ch11.m4a"
  ],
  "sprite": {
    "silence": [
      0,
      1000,
      true
    ],
    "NumberMatch": [
      1050,
      3666.666666666667
    ],
    "Transition": [
      5100.000000000001,
      1791.6553287981865
    ],
    "YourNumberSelect_RevealAll": [
      7150.000000000001,
      2832.018140589569
    ]
  }
}