{
  "urls": [
    "ch12.ogg",
    "ch12.m4a"
  ],
  "sprite": {
    "silence": [
      0,
      1000,
      true
    ],
    "NumberMatch": [
      1050,
      3666.666666666667
    ],
    "SpinStopCollect": [
      5100.000000000001,
      3320.294784580498
    ]
  }
}