{
  "urls": [
    "ch13.ogg",
    "ch13.m4a"
  ],
  "sprite": {
    "silence": [
      0,
      1000,
      true
    ],
    "NumberMatch": [
      1050,
      3666.666666666667
    ],
    "TotalBonusWin": [
      5100.000000000001,
      1527.9591836734694
    ]
  }
}