{
  "urls": [
    "ch4.ogg",
    "ch4.m4a"
  ],
  "sprite": {
    "silence": [
      0,
      1000,
      true
    ],
    "Click": [
      1050,
      378.41269841269855
    ],
    "GoldCoinReveal": [
      2100,
      2558.5714285714294
    ],
    "LuckyNumberSelect_4": [
      5150,
      2324.21768707483
    ]
  }
}