{
  "urls": [
    "ch7.ogg",
    "ch7.m4a"
  ],
  "sprite": {
    "silence": [
      0,
      1000,
      true
    ],
    "SpinStop": [
      1050,
      2309.569160997732
    ],
    "YourNumberSelect_3": [
      4100,
      1992.176870748299
    ]
  }
}